{"map_name":"test name","map_id":51521903,"player":{"mass":10,"x":-5.551528,"y":-0.10592,"size":0.9375008},"Flag":[{"x":6.127661,"y":3.97196,"angle":0,"size":1}],"TransferGate":[],"BlackHole":[],"star":[{"x":-1.840425,"y":3.120749,"angle":0,"size":1.5},{"x":0.9255323,"y":-3.767007,"angle":0,"size":1.5},{"x":1.521276,"y":-0.3656462,"angle":0,"size":1.5}],"Shooter":[],"SpeedGate":[],"AbsorbBound":[],"Bound":[{"x":-0.2553191,"y":0.1699237,"w":5.812538,"h":0.6511882,"angle":267.1888}],"RotateGate":[]}