{"map_name":"test name","map_id":10136067,"player":{"mass":10,"x":-6.702127,"y":-0.1062018,"size":0.8125},"Flag":[{"x":7.06383,"y":-0.1699227,"angle":0,"size":1}],"TransferGate":[{"num":2,"color":"white","Ax":-1.978724,"Ay":0.04248083,"Bx":-1.978724,"By":0.04248083,"size":0.7187622,"angle":70.77114}],"BlackHole":[],"star":[{"x":-4.244681,"y":0.1020408,"angle":0,"size":1.5},{"x":4.585107,"y":0.08078218,"angle":0,"size":1.5},{"x":0.1595745,"y":4.289966,"angle":0,"size":1.5}],"Shooter":[],"SpeedGate":[],"AbsorbBound":[],"Bound":[{"x":0,"y":0,"w":7.202533,"h":0.8069118,"angle":267.1888}],"RotateGate":[]}