{"map_name":"test name","map_id":18108391,"player":{"mass":10,"x":-5.93617,"y":-0.191164,"size":0.84375},"Flag":[{"x":6.638298,"y":-0.3398469,"angle":0,"size":1}],"TransferGate":[{"num":2,"color":"white","Ax":-3.255319,"Ay":-0.2336448,"Bx":3.148936,"By":-0.1699233,"size":2,"angle":105.8669}],"BlackHole":[],"star":[{"x":-5.180851,"y":1.39881,"angle":0,"size":1.5},{"x":-0.138298,"y":4.162415,"angle":0,"size":1.5},{"x":5.010638,"y":1.866497,"angle":0,"size":1.5}],"Shooter":[],"SpeedGate":[],"AbsorbBound":[],"Bound":[{"x":0.1702127,"y":-1.125742,"w":8.087,"h":0.906,"angle":126.5637}],"RotateGate":[]}