{"map_name":"test name","map_id":68020844,"player":{"mass":10,"x":-4.574468,"y":-2.166523,"size":1},"Flag":[{"x":3.957447,"y":3.228544,"angle":0,"size":1}],"TransferGate":[],"BlackHole":[],"star":[{"x":-2.287234,"y":3.715987,"angle":0,"size":1.5},{"x":0.4148932,"y":-3.511905,"angle":0,"size":1.5},{"x":3.925532,"y":-0.1955783,"angle":0,"size":1.5}],"Shooter":[],"SpeedGate":[],"AbsorbBound":[],"Bound":[{"x":-0.8085113,"y":-0.06372184,"w":8.087,"h":0.906,"angle":250.3136}],"RotateGate":[]}